{
  "SR@85": 0.453125,
  "wedge@85": 0.0,
  "reject@85": 0.0,
  "collision@85": 0.484375
}