{
  "SR@85": 0.265625,
  "wedge@85": 0.0,
  "reject@85": 0.0,
  "collision@85": 0.546875
}