{
  "SR@85": 0.859375,
  "wedge@85": 0.0,
  "reject@85": 0.0,
  "collision@85": 0.546875
}