{
  "SR@85": 0.609375,
  "wedge@85": 0.0,
  "reject@85": 0.0,
  "collision@85": 0.34375
}